[{"model":"Edge","description":
    "The Ford Edge is a compact SUV manufactured by Ford Motor Company.The first generation Edge is based on the Ford CD3 platform shared with the first generation Ford Fusion, Mazda CX-9, first and second generation Mazda 6 and Lincoln MKX. The second generation Edge uses Ford's CD4 platform","url":"images/edge.jpg","company":"Ford"},{"model":"Escape","description":"The Ford Escape is a compact crossover vehicle sold by Ford since 2000 over three generations. Ford released the original model in 2000 for the 2001 model year—a model jointly developed and released with Mazda of Japan—who took a lead in the engineering of the two models and sold their version as the Mazda Tribute.","url":"images/escape.jpg","company":"Ford"},{"model":"ILX","description":"The Acura ILX is a subcompact executive car for Honda's luxury brand Acura. All ILX variants are based upon the ninth-generation Civic Sedan.","url":"images/ilx.jpg","company":"Acura"},{"model":"MDX","description":"The Acura MDX, or Honda MDX as known in Japan and Australia (only the first generation was imported), is a mid-size three-row luxury crossover,[3][4][5] produced by the Japanese automaker Honda under its Acura luxury nameplate since 2000.","url":"images/mdx.jpg","company":"Acura"}]